LogID,VehicleID,EntryPoint,ExitPoint,EntryTime,ExitTime,VehicleType,SpeedKMH,TollPaid,TripDurationMinutes,IsOverspeed,TripType,TripDate,TripCountPerDay,FrequentFlag
L001,V001,,,2024-05-01T08:01:00.000Z,2024-05-01T08:20:00.000Z,Car,60.0,50.0,19.0,false,Medium,2024-05-01,1,false
L002,V002,,,2024-05-01T08:10:00.000Z,2024-05-01T08:45:00.000Z,Truck,45.0,100.0,35.0,false,Long,2024-05-01,1,false
L003,V003,,,2024-05-01T09:00:00.000Z,2024-05-01T09:18:00.000Z,Bike,55.0,30.0,18.0,false,Medium,2024-05-01,1,false
L004,V004,,,2024-05-01T09:15:00.000Z,2024-05-01T09:35:00.000Z,Car,80.0,50.0,20.0,true,Medium,2024-05-01,1,false
L005,V005,,,2024-05-01T10:05:00.000Z,2024-05-01T10:40:00.000Z,Bus,40.0,70.0,35.0,false,Long,2024-05-01,1,false
